ID	User Name	Account	categories	Likes	Image URL
solarpunk-001	cyberfuturepunk	Cyber/Futurepunk	layerâ€¢diameterâ€¢slogan	15176	https://i.postimg.cc/50DqCFFj/solarpunk-001.jpg
solarpunk-002	dedouze	Andry â€¢ DeÌdouze	develop	12539	https://i.postimg.cc/V60XmLHw/solarpunk-002.jpg
solarpunk-003	space_and_fantasy	Space and Fantasy	developâ€¢diameter	8878	https://i.postimg.cc/W4H0BJ8S/solarpunk-003.jpg
solarpunk-004	catinawitchhat	Alice ğŸâœ¨	slogan	8208	https://i.postimg.cc/6pzrhPGk/solarpunk-004.jpg
solarpunk-005	catinawitchhat	Alice ğŸâœ¨	pavement	8225	https://i.postimg.cc/x19GMQqG/solarpunk-005.jpg
solarpunk-006	scifi.inside	Daily Sci-Fi Content	pavementâ€¢slogan	7706	https://i.postimg.cc/7hv068p2/solarpunk-006.jpg
solarpunk-007	cyberfuturepunk	Cyber/Futurepunk	diameterâ€¢layer	6442	https://i.postimg.cc/WbLwpgvH/solarpunk-007.jpg
solarpunk-008	heavymetal	Heavy Metal Magazine	slogan	6246	https://i.postimg.cc/v895KTVL/solarpunk-008.jpg
solarpunk-009	hencethefuture	Hence The Future	slogan	4786	https://i.postimg.cc/ZK8FWnYK/solarpunk-009.jpg
solarpunk-010	arts_offuture	Concept art | illustration	sloganâ€¢pavement	2833	https://i.postimg.cc/hGkf88pF/solarpunk-010.jpg
solarpunk-011	christopherscott_365	Christopher Scott	diameter	2615	https://i.postimg.cc/fWx0KPG8/solarpunk-011.jpg
solarpunk-012	tamifischerr	ğšğšŠğš–ğš’ ğšğš’ğšœğšŒğš‘ğšğš›ğŸ–‹	diameter	2472	https://i.postimg.cc/QdnBCZ7d/solarpunk-012.jpg
solarpunk-013	dank.lloyd.wright	Dan K. Lloyd Wright	layer	2263	https://i.postimg.cc/SNfCyPVn/solarpunk-013.jpg
solarpunk-014	scifi.inside	Daily Sci-Fi Content	layer	1553	https://i.postimg.cc/MpXTh3L2/solarpunk-014.jpg
solarpunk-015	notnooted	NOT nooted	developâ€¢diameter	1409	https://i.postimg.cc/R0FcpT7N/solarpunk-015.jpg
solarpunk-016	dank.lloyd.wright	Dan K. Lloyd Wright	slogan	809	https://i.postimg.cc/N09KrC87/solarpunk-016.jpg
solarpunk-017	athrbeautyco	AÌ„THR Beauty	slogan	815	https://i.postimg.cc/VvBrkSqx/solarpunk-017.jpg
solarpunk-018	athrbeautyco	AÌ„THR Beauty	slogan	826	https://i.postimg.cc/3JY0bB7Y/solarpunk-018.jpg
solarpunk-019	getlostwithbrooks	Get Lost with Brooks	pavement	799	https://i.postimg.cc/gjPLpyZy/solarpunk-019.jpg
solarpunk-020	queer_ecofeminism	Queer Ecofeminism	diameterâ€¢layer	752	https://i.postimg.cc/3NBNHs77/solarpunk-020.jpg
solarpunk-021	pastelae	Josefin Jonsson	diameterâ€¢layer	624	https://i.postimg.cc/wjWNNsCH/solarpunk-021.jpg
solarpunk-022	dopblog	THE DOOR OF PERCEPTION	diameterâ€¢layer	387	https://i.postimg.cc/tgYxN4b6/solarpunk-022.jpg
solarpunk-023	dopblog	THE DOOR OF PERCEPTION	pavement	371	https://i.postimg.cc/X7LBMC7F/solarpunk-023.jpg
solarpunk-024	ynhoia	Zero waste & dystopian fashion	pavement	357	https://i.postimg.cc/85LsZF07/solarpunk-024.jpg